{
  "project_info": {
    "project_number": "456933331750",
    "project_id": "bookauto-25449",
    "storage_bucket": "bookauto-25449.appspot.com"
  },
  "client": [
    {
      "client_info": {
        "mobilesdk_app_id": "1:456933331750:android:e91ac54bf6b304adf4e7e7",
        "android_client_info": {
          "package_name": "com.sharing.bookauto"
        }
      },
      "oauth_client": [],
      "api_key": [
        {
          "current_key": "AIzaSyCU_ke5lTUPlZdylxfBI4KJGu0PumcPOiI"
        }
      ],
      "services": {
        "appinvite_service": {
          "other_platform_oauth_client": []
        }
      }
    }
  ],
  "configuration_version": "1"
}